OWNED	Conjecture1663.not_reconstructionRigidity	Conjecture1663.Proof	body=true	axioms=#[Quot.sound, propext, Classical.choice]
OWNED	Conjecture1663.deletionIso	Conjecture1663.Challenges	body=true	axioms=#[Quot.sound, propext]
OWNED	Conjecture1663.different_labels	Conjecture1663.Challenges	body=true	axioms=#[propext, Classical.choice, Quot.sound]
OWNED	Conjecture1663.every_graph_violates_rigidity	Conjecture1663.Proof	body=true	axioms=#[Quot.sound, propext, Classical.choice]
OWNED	Conjecture1663.relabelledEdgeIso	Conjecture1663.Challenges	body=true	axioms=#[Quot.sound, propext, Classical.choice]
OWNED	Conjecture1663.empty_not_iso_oneEdge	Conjecture1663.Challenges	body=true	axioms=#[Quot.sound, propext, Classical.choice]
OWNED	Conjecture1663.single_edge_cost_one._proof_9	Conjecture1663.Challenges	body=true	axioms=#[propext]
OWNED	Conjecture1663.oneEdge	Conjecture1663.Challenges	body=true	axioms=#[propext, Classical.choice, Quot.sound]
OWNED	Conjecture1663.Reconstruction	Conjecture1663.Definitions	body=true	axioms=#[Quot.sound, propext, Classical.choice]
OWNED	Conjecture1663.oneEdge._proof_6	Conjecture1663.Challenges	body=true	axioms=#[propext]
OWNED	Conjecture1663.full_claim_false_even_if_reconstruction	Conjecture1663.Challenges	body=true	axioms=#[Quot.sound, propext, Classical.choice]
OWNED	Conjecture1663.editDistance_attained	Conjecture1663.Definitions	body=true	axioms=#[propext, Quot.sound, Classical.choice]
OWNED	Conjecture1663.deleteVertex.eq_1	Conjecture1663.Challenges	body=true	axioms=#[]
OWNED	Conjecture1663.deck	Conjecture1663.Definitions	body=true	axioms=#[Quot.sound, propext, Classical.choice]
OWNED	Conjecture1663.oneEdge._proof_4	Conjecture1663.Challenges	body=true	axioms=#[propext, Quot.sound]
OWNED	Conjecture1663.unlabelled	Conjecture1663.Definitions	body=true	axioms=#[Quot.sound, propext]
OWNED	Conjecture1663.edgeEditCost.eq_1	Conjecture1663.Proof	body=true	axioms=#[propext, Quot.sound, Classical.choice]
OWNED	Conjecture1663.deleteVertex	Conjecture1663.Definitions	body=true	axioms=#[]
OWNED	Conjecture1663.oneEdge.eq_1	Conjecture1663.Challenges	body=true	axioms=#[propext, Classical.choice, Quot.sound]
OWNED	Conjecture1663.distinct_labelled_counterexample	Conjecture1663.Challenges	body=true	axioms=#[propext, Classical.choice, Quot.sound]
OWNED	Verification1663.exact_original_negation	Verification	body=true	axioms=#[Quot.sound, propext, Classical.choice]
OWNED	Conjecture1663.deck_iso	Conjecture1663.Challenges	body=true	axioms=#[Quot.sound, propext, Classical.choice]
OWNED	Conjecture1663.single_edge_distance_one._proof_9	Conjecture1663.Challenges	body=true	axioms=#[propext, Quot.sound, Classical.choice]
OWNED	Conjecture1663.deletionInducedIso._proof_1	Conjecture1663.Challenges	body=true	axioms=#[Quot.sound, propext]
OWNED	Conjecture1663.graphSetoid.match_1	Conjecture1663.Definitions	body=true	axioms=#[Quot.sound]
OWNED	Conjecture1663.relabelledEdge	Conjecture1663.Challenges	body=true	axioms=#[Quot.sound, propext, Classical.choice]
OWNED	Conjecture1663.Graph	Conjecture1663.Definitions	body=true	axioms=#[]
OWNED	Conjecture1663.editDistance_eq_zero_iff	Conjecture1663.Challenges	body=true	axioms=#[propext, Quot.sound, Classical.choice]
OWNED	Conjecture1663.editCost_exists	Conjecture1663.Definitions	body=true	axioms=#[propext, Quot.sound, Classical.choice]
OWNED	Conjecture1663.graphSetoid._proof_1	Conjecture1663.Definitions	body=true	axioms=#[Quot.sound, propext]
OWNED	Conjecture1663.unlabelled_eq_iff	Conjecture1663.Definitions	body=true	axioms=#[Quot.sound, propext]
OWNED	Conjecture1663.edgeEditCost_iso	Conjecture1663.Proof	body=true	axioms=#[Quot.sound, propext, Classical.choice]
OWNED	Conjecture1663.deletionIso._proof_2	Conjecture1663.Challenges	body=true	axioms=#[Quot.sound]
OWNED	Conjecture1663.graphSetoid	Conjecture1663.Definitions	body=true	axioms=#[Quot.sound, propext]
OWNED	Conjecture1663.edgeEditCost	Conjecture1663.Definitions	body=true	axioms=#[propext, Quot.sound, Classical.choice]
OWNED	Verification1663.minimum_order_witness	Verification	body=true	axioms=#[Quot.sound, propext, Classical.choice]
OWNED	Conjecture1663.editDistance	Conjecture1663.Definitions	body=true	axioms=#[propext, Quot.sound, Classical.choice]
OWNED	Conjecture1663.deletion_vertices_exact	Conjecture1663.Challenges	body=true	axioms=#[propext, Quot.sound]
OWNED	Conjecture1663.deck.eq_1	Conjecture1663.Challenges	body=true	axioms=#[Quot.sound, propext, Classical.choice]
OWNED	Conjecture1663.originalClaim_false	Conjecture1663.Proof	body=true	axioms=#[Quot.sound, propext, Classical.choice]
OWNED	Conjecture1663.edgeEditCost_iso._proof_1	Conjecture1663.Proof	body=true	axioms=#[propext, Quot.sound]
OWNED	Conjecture1663.single_edge_cost_one	Conjecture1663.Challenges	body=true	axioms=#[propext, Quot.sound, Classical.choice]
OWNED	Conjecture1663.single_edge_distance_one	Conjecture1663.Challenges	body=true	axioms=#[propext, Quot.sound, Classical.choice]
OWNED	Conjecture1663.order_three_counterexample	Conjecture1663.Proof	body=true	axioms=#[Quot.sound, propext, Classical.choice]
OWNED	Conjecture1663.editDistance_iso	Conjecture1663.Proof	body=true	axioms=#[Quot.sound, propext, Classical.choice]
OWNED	Conjecture1663.not_reconstructionRigidity._proof_1	Conjecture1663.Proof	body=true	axioms=#[propext, Quot.sound]
OWNED	Conjecture1663.ReconstructionRigidity	Conjecture1663.Definitions	body=true	axioms=#[Quot.sound, propext, Classical.choice]
OWNED	Conjecture1663.oneEdge._proof_7	Conjecture1663.Challenges	body=true	axioms=#[propext, Classical.choice, Quot.sound]
OWNED	Conjecture1663.editDistance_self	Conjecture1663.Proof	body=true	axioms=#[propext, Quot.sound, Classical.choice]
OWNED	Conjecture1663.editDistance_le_cost	Conjecture1663.Definitions	body=true	axioms=#[propext, Quot.sound, Classical.choice]
OWNED	Conjecture1663.different_labels._proof_9	Conjecture1663.Challenges	body=true	axioms=#[propext]
OWNED	Conjecture1663.deck_card	Conjecture1663.Challenges	body=true	axioms=#[propext, Quot.sound, Classical.choice]
OWNED	Conjecture1663.edgeEditCost_iso._proof_2	Conjecture1663.Proof	body=true	axioms=#[propext, Quot.sound]
OWNED	Conjecture1663.deleteVertex_empty	Conjecture1663.Challenges	body=true	axioms=#[propext, Quot.sound, Classical.choice]
OWNED	Conjecture1663.OriginalClaim	Conjecture1663.Definitions	body=true	axioms=#[Quot.sound, propext, Classical.choice]
OWNED	Conjecture1663.empty_deck	Conjecture1663.Challenges	body=true	axioms=#[Quot.sound, propext, Classical.choice]
OWNED	Conjecture1663.oneEdge._proof_8	Conjecture1663.Challenges	body=true	axioms=#[propext, Quot.sound]
OWNED	Conjecture1663.Unlabelled	Conjecture1663.Definitions	body=true	axioms=#[Quot.sound, propext]
OWNED	Conjecture1663.deletionIso._proof_3	Conjecture1663.Challenges	body=true	axioms=#[Quot.sound]
OWNED	Conjecture1663.oneEdge._proof_5	Conjecture1663.Challenges	body=true	axioms=#[propext, Quot.sound]
OWNED	Conjecture1663.relabelledEdge.eq_1	Conjecture1663.Challenges	body=true	axioms=#[Quot.sound, propext, Classical.choice]
OWNED	Conjecture1663.deletionInducedIso	Conjecture1663.Challenges	body=true	axioms=#[Quot.sound, propext]
